random_mpc_on,episodes,success_rate,zone_time_mean_s,zone_ratio_mean,zone_entries_mean,target_err_mean,target_err_p95_mean,hold_err_mean,attach_err_mean,hf_target_err_diff_rms_mean,hf_attach_err_diff_rms_mean,hf_qdot_diff_rms_mean
1,200,0.97,0.08030999999999999,0.007671032416520107,0.925,0.12470602227563486,0.7687893269503674,0.453990609650989,0.025440437825386793,0.0008075147984811159,0.00032342079123123227,0.41520002931842276
0,200,1.0,0.28248,0.027713682114130504,0.865,0.11577834678672293,0.7687893269503674,0.453990609650989,0.014263262863047133,0.0008151951051144162,0.0003491596033496544,0.4139160280004323
