random_mpc_on,episodes,success_rate,zone_time_mean_s,zone_ratio_mean,zone_entries_mean,target_err_mean,target_err_p95_mean,hold_err_mean,attach_err_mean,hf_target_err_diff_rms_mean,hf_attach_err_diff_rms_mean,hf_qdot_diff_rms_mean
1,200,0.95,1.5608899999999999,0.11701334457976272,1.805,0.07515240913732374,0.2756854386574231,0.35023429735450307,0.027729981447380495,0.0010980528450321575,0.00035954320370421597,0.48701701756711757
0,200,1.0,0.28248,0.027713682114130504,0.865,0.11577834678672293,0.7687893269503674,0.453990609650989,0.014263262863047133,0.0008151951051144162,0.0003491596033496544,0.4139160280004323
