episodes,target_err_mean,target_err_p95_mean,hold_err_mean,attach_err_mean
200,0.14387720038234697,0.8489340761392336,0.48372890772248567,0.03012379185118016
