episodes,target_err_mean,target_err_p95_mean,hold_err_mean,attach_err_mean
200,0.14168600945828477,0.853032917216698,0.4854712590188386,0.02692669011485055
