uncertainty_on,episodes,success_rate,zone_time_mean_s,zone_ratio_mean,zone_entries_mean,target_err_mean,target_err_p95_mean,hold_err_mean,attach_err_mean,hf_target_err_diff_rms_mean,hf_attach_err_diff_rms_mean,hf_qdot_diff_rms_mean
1,200,0.975,0.74732,0.06990264530975127,3.15,0.13228701732577386,0.7966972401206887,0.46567440178520314,0.028080905782437156,0.0009152872525021186,0.0005279225448197881,0.16606018537180625
0,200,0.96,1.1005500000000001,0.10222858534955848,2.995,0.13432657605675938,0.7930804377407026,0.46396233110708496,0.030386515101509352,0.0009118186862510449,0.0005127285000931501,0.17207910130657328
