episodes,target_err_mean,target_err_p95_mean,hold_err_mean,attach_err_mean
200,0.47198951400802464,1.1876931443745402,0.47667741923262996,0.08692579485931662
