episodes,target_err_mean,target_err_p95_mean,hold_err_mean,attach_err_mean
200,0.4710889638355041,1.1846915282076362,0.4716367299667461,0.08542306630537462
