random_mpc_on,episodes,success_rate,zone_time_mean_s,zone_ratio_mean,zone_entries_mean,target_err_mean,target_err_p95_mean,hold_err_mean,attach_err_mean,hf_target_err_diff_rms_mean,hf_attach_err_diff_rms_mean,hf_qdot_diff_rms_mean
1,10,0.9,0.0746,0.006918012554950695,0.8,0.12413426957202431,0.7713546405630864,0.4770357270921578,0.027718555876010166,0.0007879569251847768,0.0003404791912924782,0.408365720860287
0,10,1.0,0.3042,0.029785069564341404,0.8,0.11339180546880838,0.7713546405630864,0.4770357270921578,0.014445713124807778,0.0007991616529515605,0.00037430902958952167,0.41190472266296985
