random_mpc_on,episodes,success_rate,zone_time_mean_s,zone_ratio_mean,zone_entries_mean,target_err_mean,target_err_p95_mean,hold_err_mean,attach_err_mean,hf_target_err_diff_rms_mean,hf_attach_err_diff_rms_mean,hf_qdot_diff_rms_mean
1,40,0.95,0.0809,0.007596919465462408,0.725,0.11878152221199127,0.7430003395563384,0.45681276594066167,0.025153729981967642,0.0007597045263106221,0.0002991876381976589,0.4100205645570313
0,40,1.0,0.2574,0.01968608751118186,0.825,0.10982941042912531,0.7430003395563384,0.45681276594066167,0.014075389210704359,0.0007738906967154378,0.00034300983599966936,0.408537120418451
