episode,uncertainty_on,x_start,x_end,speed,y_noise_mean,y_noise_std,noise_seed,kf_seed,base_duration_s,max_time_s,steps_total,sim_time_s,success,zone_steps,zone_time_s,zone_ratio,zone_entries,target_err_mean,target_err_min,target_err_p95,hold_steps,hold_err_mean,hold_err_p95,attach_steps,attach_err_mean,attach_err_p95,hf_target_err_diff_rms,hf_attach_err_diff_rms,hf_qdot_diff_rms
1,1,-0.5214013793565551,0.6870696727284644,0.45890622077684895,0.008995106300789354,0.005,1269010341,462146401,2.6333725658355354,2.6333725658355354,1317,2.6339999999999315,1,0,0.0,0.0,0,0.26879267346009506,0.0017162443616953826,0.9754489946369486,770,0.3698513828353805,0.9805307193955288,547,0.02364005633394708,0.10399897980763102,0.0014564112158619894,0.0009075828484711522,0.29320853216751924
1,0,-0.5214013793565551,0.6870696727284644,0.45890622077684895,0.008995106300789354,0.005,1269010341,462146401,2.6333725658355354,2.6333725658355354,1317,2.6339999999999315,1,0,0.0,0.0,0,0.27154458210825505,0.0020272717585936143,0.9749646827804835,780,0.3666833967388168,0.9801803193014255,537,0.025671147021919638,0.10948419123079439,0.0014307697538606054,0.000828472973810998,0.30046816002276444
